,price,price,price,price,price,price,mileage_km,mileage_km,mileage_km,vehicle_age,vehicle_age,vehicle_age,power_hp,power_hp,power_hp
,count,mean,median,std,min,max,mean,median,std,mean,median,std,mean,median,std
cluster,,,,,,,,,,,,,,,
0,198,55862.40404040404,57100.0,11399.620414839264,29700.0,88999.0,63655.5,63108.5,19164.114964248787,2.8181818181818183,2.0,0.990960528378804,385.4141414141414,394.0,24.041845964503548
1,72,49177.65277777778,47950.0,10369.402492951907,24500.0,85900.0,101752.22222222222,103395.0,22903.757631446915,7.833333333333333,8.0,1.7116008485592462,464.3611111111111,441.0,51.27124926861978
2,298,31126.771812080537,30955.0,6397.768360521737,16990.0,51400.0,72119.26845637584,70780.5,14404.661747352297,2.063758389261745,2.0,0.46343974725972514,178.56711409395973,190.0,22.990787037707115
3,109,4549.238532110092,4000.0,1958.0999146899871,2000.0,10500.0,220846.11009174312,216000.0,26724.31515504721,14.55045871559633,14.0,1.5485132566917812,136.6605504587156,129.0,33.33922730766217
4,94,199573.7659574468,198405.5,18920.458058644774,166122.0,239990.0,9168.840425531915,7709.0,8422.513885833483,2.276595744680851,2.0,1.9086912440014845,474.3510638297872,500.0,47.46876900778197
5,120,23344.391666666666,22395.0,6408.240742726251,12500.0,44900.0,32307.108333333334,29426.5,20290.67237199135,2.466666666666667,3.0,1.5874154954460007,122.175,116.0,29.158697190525153
6,424,65058.17452830189,64990.0,7012.161397089317,45980.0,81000.0,10332.073113207547,9900.0,5411.22516873888,3.9858490566037736,4.0,0.21698064723772872,207.1061320754717,197.0,21.101814654055215
7,160,116982.0625,117863.0,10024.396315007998,84900.0,136450.0,4395.7125,100.0,7055.04653616939,3.9875,4.0,0.11145126131093688,457.36875,489.0,52.51949286220445
8,63,24817.571428571428,18950.0,15540.250883010624,5995.0,79950.0,181112.46031746033,180270.0,36768.63283746491,15.936507936507937,16.0,2.023036809202345,366.58730158730157,355.0,64.27502272132568
9,141,14425.212765957447,13850.0,5019.045866651365,4900.0,26990.0,189516.24113475176,188000.0,21658.829058146483,10.170212765957446,10.0,1.8820864061252827,190.93617021276594,185.0,39.26270727256108
10,400,69268.22,69825.0,8461.01090268405,46000.0,99476.0,4067.5175,100.0,7762.455337834374,4.005,4.0,0.41882398908680785,203.695,204.0,17.482880276341543
11,289,66348.43944636678,67450.0,6759.481643914038,38900.0,79980.0,19511.816608996538,19602.0,10634.999703102996,3.9653979238754324,4.0,0.415222410443564,265.49134948096884,269.0,25.044975403546417
12,173,31512.36416184971,31999.0,5927.500892106003,17980.0,47000.0,142968.62427745663,145000.0,22316.630199401723,8.208092485549132,8.0,1.3945672632977624,279.19075144508673,262.0,34.625966966794394
13,181,24489.116022099446,22900.0,10632.995122772727,9500.0,135900.0,139569.02209944752,134000.0,23589.248244805607,4.6187845303867405,4.0,1.0292827400041613,172.54696132596686,190.0,33.67086201819752
14,97,13576.824742268042,9990.0,9071.931485368195,2000.0,36990.0,126672.46391752578,132000.0,31779.9258482136,17.144329896907216,17.0,1.859601719912366,186.3298969072165,170.0,64.37450997377971
15,250,30155.768,28890.0,6748.577425148867,13999.0,59900.0,18953.588,18428.5,12540.155766050244,0.54,0.0,0.6527667406284442,150.824,160.0,25.78488832365683
16,139,88852.57553956835,87500.0,13392.286989039205,46599.0,124800.0,57406.36690647482,55000.0,25775.842049008195,10.93525179856115,11.0,1.655945078438507,375.1223021582734,385.0,35.999891391071
17,427,77834.39110070257,76890.0,10451.69229639002,57890.0,101899.0,8907.234192037471,8000.0,7427.151415374754,4.039812646370024,4.0,0.5225505906089832,391.3114754098361,400.0,27.40710189354272
18,57,102270.9649122807,99999.0,20110.64810080623,40999.0,149990.0,77058.14035087719,75900.0,28972.41610162439,19.736842105263158,20.0,2.819107734914121,462.3859649122807,450.0,96.25241265732453
19,195,19929.71282051282,19499.0,5240.575633329724,8785.0,39900.0,139087.37948717948,135000.0,23278.634281236893,5.656410256410257,6.0,1.4466090587876286,177.63589743589745,184.0,37.869223469395216
20,408,27174.37745098039,26475.0,5935.749543935923,9500.0,46945.0,62748.39215686275,63000.0,13244.680482524453,3.3063725490196076,3.0,1.1354283861521048,161.39460784313727,150.0,33.0902075873675
21,236,104431.95762711864,102750.0,12151.127177830622,72400.0,140000.0,22549.495762711864,21600.0,11815.869766744338,0.17796610169491525,0.0,0.39424273616165445,482.6906779661017,470.0,31.42288226358574
22,53,22378.66037735849,22650.0,10468.338184448225,6490.0,54000.0,181628.0,176000.0,30661.256953385622,17.566037735849058,18.0,1.7265955158842787,276.66037735849056,272.0,47.19067027912747
23,332,33813.551204819276,32694.5,7694.632661469503,18590.0,58500.0,149807.906626506,148450.0,19966.83850592699,4.566265060240964,5.0,1.175713665989666,285.95180722891564,286.0,30.913348778088064
24,349,21026.96848137536,20859.0,4192.173500351542,9940.0,33570.0,6836.194842406877,1100.0,10021.347860963264,3.9598853868194843,4.0,0.45937987753442416,110.85100286532952,129.0,22.781461266557223
25,211,13191.701421800948,12900.0,3965.984063429772,2000.0,28500.0,122683.08056872038,126000.0,24728.772003635022,8.895734597156398,9.0,1.4601144135493223,142.1990521327014,143.0,31.21931940096027
26,1676,38350.74582338902,38900.0,6356.571334123721,10990.0,58888.0,9030.05369928401,9900.0,5366.045107434815,4.005966587112172,4.0,0.1923000362910502,154.52207637231504,163.0,19.653782183942745
27,49,80350.77551020408,82000.0,19238.354687820578,40000.0,136900.0,72488.8163265306,69000.0,36990.52699772913,4.591836734693878,4.0,2.1690855153241686,572.0816326530612,575.0,61.026577794260376
28,150,32521.6,30199.5,9119.552328439206,15750.0,63240.0,145467.74666666667,145905.0,23211.38807406083,4.753333333333333,4.0,1.8316262135407853,283.26,292.0,48.17047885953643
29,135,175592.25925925927,177500.0,16276.739026682546,144992.0,215017.0,17826.125925925928,13750.0,18363.27051863967,2.8296296296296295,4.0,1.5813311072502576,435.47407407407405,450.0,56.03208430965267
30,169,4312.757396449704,3500.0,2206.4511274211227,2000.0,15000.0,172242.0828402367,177142.0,28757.338388376156,16.254437869822485,16.0,1.6904126919286697,120.21301775147928,107.0,38.32569784418454
31,219,124071.17808219178,124900.0,9792.04105806446,98500.0,145900.0,44003.12785388128,43900.0,23369.885554047243,4.200913242009133,4.0,1.0207925895044239,429.8767123287671,450.0,37.67629332949159
32,111,10317.756756756757,8500.0,6467.248088661424,2990.0,46990.0,101989.91891891892,100753.0,21665.465928370108,10.26126126126126,10.0,1.8375463467832789,112.53153153153153,99.0,46.89501229920063
33,88,70788.77272727272,73875.0,15776.231573490451,34995.0,104900.0,17090.55681818182,12587.0,15602.898672530062,2.7613636363636362,3.0,1.6677765374570936,279.10227272727275,280.0,44.68099952903102
34,131,6155.595419847328,3990.0,5528.0097709178735,2000.0,32980.0,249717.02290076335,240450.0,36030.11065984963,21.480916030534353,22.0,1.9936481636906744,186.93129770992365,170.0,44.52228324363062
35,226,30970.2610619469,29999.5,7409.922256481462,14900.0,64000.0,112440.23008849558,109057.0,18623.426987179995,5.128318584070796,5.0,1.3017573780802745,264.04424778761063,252.0,26.897794830896366
36,157,21062.458598726116,20990.0,7422.306379654996,4950.0,44981.0,162309.95541401274,157000.0,25046.984570373177,9.67515923566879,10.0,1.5698136444583537,263.97452229299364,269.0,56.57771476706992
37,62,12391.354838709678,10495.0,8711.076700492391,2500.0,39900.0,73030.66129032258,75551.5,27009.685305941974,21.612903225806452,22.0,1.6231404362306827,148.1451612903226,143.0,57.05471827852989
38,99,44592.868686868685,41990.0,11999.44657622351,25999.0,98500.0,160715.9393939394,154120.0,30075.197979845474,7.878787878787879,8.0,1.7277608918607388,564.5858585858585,574.0,41.17558472652979
39,293,31271.955631399316,29950.0,7838.2153787304915,15000.0,56950.0,59853.2457337884,60390.0,14449.735530630365,3.95221843003413,4.0,1.201213795401098,169.95904436860067,163.0,36.218018888866986
40,213,88883.30046948357,88060.0,8147.499038879201,74830.0,114890.0,7027.450704225352,5990.0,6888.097690647799,4.0,4.0,0.0,286.7699530516432,286.0,9.927503177406097
41,137,33859.75912408759,31900.0,7346.610390398888,21000.0,61900.0,20752.846715328466,19999.0,17543.75641657944,1.7883211678832116,1.0,1.7799151373289521,137.26277372262774,131.0,20.175068362371505
42,333,24891.936936936938,24490.0,5129.234325911367,15480.0,45890.0,124941.84084084084,123000.0,13702.47984707629,3.15015015015015,3.0,0.8475558276606229,177.72372372372374,190.0,25.43243959360716
43,50,177641.54,175425.0,25517.790644088098,137950.0,239900.0,16673.0,11650.5,14360.781140996192,1.3,0.0,1.8762750766519565,745.96,740.0,55.56939401343521
44,67,56256.26865671642,60000.0,20735.04920351492,16500.0,95500.0,67690.85074626865,61000.0,42587.46360361823,5.432835820895522,5.0,2.74261476982589,314.92537313432837,300.0,69.94615102648083
45,199,87522.3216080402,86899.0,11850.726660884355,59980.0,128880.0,61445.24120603015,62000.0,24003.003227334382,3.2562814070351758,3.0,1.0491209601838103,617.3819095477387,625.0,35.17553204886986
46,327,48364.59327217125,49950.0,8952.650307954566,16900.0,67397.0,2522.9113149847094,15.0,6074.498667599079,3.926605504587156,4.0,0.560013508026423,157.7981651376147,190.0,36.91354012385852
47,274,38087.61313868613,35662.5,10229.857094772173,20500.0,85991.0,116120.90875912408,116000.0,22826.78094257787,6.04014598540146,6.0,1.5028159089741744,301.37226277372264,306.0,42.53427961202409
48,190,16168.852631578948,15990.0,4398.837710768706,4900.0,39900.0,106975.56842105264,103155.5,20540.14252545958,5.08421052631579,5.0,1.3226809226601233,136.6315789473684,136.0,26.167774774465897
49,235,113272.43829787234,113900.0,10374.454221841797,90900.0,135000.0,16711.536170212767,11000.0,14515.475723534644,3.9191489361702128,4.0,0.851001998117599,436.4723404255319,449.0,47.93374033442119
50,303,54589.42904290429,54500.0,10146.044961707074,28790.0,79980.0,87151.58085808581,87000.0,19254.832535223457,4.8250825082508255,5.0,1.3974069800900109,387.5181518151815,381.0,43.026160614620885
51,360,48265.60555555556,47990.0,10031.71864900994,28499.0,78718.0,79700.85833333334,79877.0,16064.721994736647,4.783333333333333,5.0,1.3611194802640647,352.5861111111111,349.0,23.694394254680883
52,100,37577.58,38250.0,12904.749569758487,6900.0,68000.0,81224.95,87500.0,29307.770600012027,22.36,22.0,1.3745155253007983,278.41,300.0,41.844612749571674
53,121,98259.97520661158,99900.0,10938.069875030367,68900.0,127298.0,8743.01652892562,9035.0,5278.123189138781,3.975206611570248,4.0,0.202600177581173,520.9090909090909,517.0,35.68332944107096
54,176,12054.380681818182,11849.5,4292.583998009537,4200.0,39390.0,106359.47159090909,109000.0,19748.87538756255,8.670454545454545,9.0,1.2209747011216983,125.27272727272727,120.0,27.765436796842952
55,59,8878.372881355932,5900.0,7879.627487471781,2150.0,34999.0,285668.69491525425,287000.0,33400.96563246608,20.338983050847457,20.0,2.178343007500991,273.4406779661017,286.0,69.57488428786905
56,142,51250.295774647886,49450.0,11476.261189543406,21999.0,95000.0,80193.44366197183,79293.5,26188.398290360066,4.915492957746479,4.0,1.7279223688337424,375.7887323943662,370.0,46.79089306220905
57,78,92923.44871794872,91748.5,20359.073505855235,38900.0,149000.0,59795.653846153844,61600.0,27922.754045795664,15.115384615384615,15.0,2.070076033679629,478.0128205128205,480.0,51.12513133752377
58,114,128931.42105263157,127610.0,13350.940422873886,94900.0,153740.0,17211.298245614034,15043.0,12788.51775086717,0.5789473684210527,0.0,1.003487166226168,601.8684210526316,612.0,40.57845305518829
59,184,97266.09239130435,95925.0,17500.660155765323,67750.0,139920.0,6810.059782608696,1250.0,10735.119398712024,3.6467391304347827,4.0,1.135704791835513,392.69565217391306,387.0,46.901883199502514
60,131,19858.923664122136,18900.0,7235.801237456304,9450.0,59988.0,84326.73282442748,83832.0,22537.89822049294,4.6106870229007635,4.0,1.6008292038045084,129.76335877862596,120.0,20.711138608922017
61,77,18985.909090909092,19800.0,7774.651385282778,3800.0,35000.0,252756.64935064936,250000.0,32070.439335594692,10.012987012987013,10.0,2.4946970414814875,228.44155844155844,245.0,42.81615948831442
62,108,18167.194444444445,18819.0,5365.84266310544,8945.0,37950.0,86508.26851851853,82412.5,28192.70348422893,4.537037037037037,4.0,1.5673414953676876,124.73148148148148,116.0,35.36131432873683
63,148,66305.2027027027,67695.0,13840.00316688231,35990.0,95990.0,7495.0675675675675,5041.0,8686.780397965545,3.804054054054054,4.0,1.1989722570805208,221.8581081081081,204.0,38.37339110237349
64,89,27050.303370786518,28900.0,13666.27505477734,3999.0,59995.0,116599.42696629213,118000.0,30639.544569176243,22.213483146067414,22.0,1.9509433039637258,289.8988764044944,320.0,59.4084561137057
65,171,70261.44444444444,68850.0,10596.573154235852,44950.0,108218.0,67809.81286549708,67648.0,18295.195303365967,2.690058479532164,2.0,0.9898695678047231,407.0233918128655,394.0,41.13563693532646
66,322,25679.534161490683,24925.0,5567.066822819065,8500.0,44500.0,72745.19875776398,72687.5,18555.200364781696,3.860248447204969,4.0,1.1743775180512115,157.8695652173913,150.0,30.071281967806456
67,277,40055.97833935018,39900.0,8978.948420536757,10900.0,62900.0,6886.826714801444,100.0,9194.50436119992,4.0108303249097474,4.0,0.2756251722880315,149.15162454873646,150.0,33.40689157883408
68,39,5613.2307692307695,5200.0,2738.9047797819753,2000.0,13500.0,282339.358974359,283000.0,55390.0546409814,18.897435897435898,19.0,2.6437102297107873,207.0,193.0,39.21600103072858
69,185,35343.42162162162,34000.0,7126.068998034427,22399.0,60990.0,122201.70810810811,120000.0,18885.498680871664,6.351351351351352,6.0,1.3636630699232937,275.6,265.0,40.51223647674646
70,360,65469.933333333334,68900.0,14406.421532096228,28990.0,99900.0,35314.561111111114,32999.5,18928.341698518256,1.4,1.0,1.0293736094611876,276.49444444444447,265.0,22.345725438502775
71,120,66988.38333333333,68037.0,14586.600569397535,27900.0,97900.0,19228.258333333335,14771.0,16576.8882015084,3.3333333333333335,4.0,1.3555570862216029,340.59166666666664,340.0,45.742335691455494
72,299,49462.14046822742,49950.0,7794.018327641517,25945.0,65700.0,5028.016722408027,15.0,8773.401928119834,3.9297658862876252,4.0,0.3641902095955289,191.22073578595317,204.0,29.803913499060613
73,263,41380.304182509506,41727.0,6736.759877535927,21150.0,61157.0,10537.376425855513,9100.0,8330.761273034841,4.011406844106464,4.0,0.2390006185727774,156.0722433460076,150.0,26.51887037883712
74,93,52145.68817204301,52900.0,12345.502014885114,27900.0,97500.0,145704.4301075269,143000.0,23039.857022973985,20.333333333333332,20.0,2.1230276439113074,342.8709677419355,325.0,42.54798462668271
75,24,206793.41666666666,202395.0,22719.963950363064,175992.0,249900.0,18380.25,16682.0,17908.093313044123,3.5416666666666665,3.5,2.797190619589384,588.9583333333334,587.0,91.96666653534415
76,80,66997.1375,62475.0,21783.392641662926,29990.0,111111.0,40936.775,37886.0,23810.214928920574,6.85,7.0,2.0506250976566243,357.2,370.0,49.64644619963411
77,179,86404.95530726257,87950.0,12202.58279016374,49900.0,115900.0,35403.12849162011,35000.0,20636.255882649442,2.111731843575419,2.0,1.2758900024981277,466.89385474860336,457.0,51.725669156272694
78,116,225812.75,226995.0,14662.489356755095,194500.0,255000.0,12669.275862068966,9250.0,11882.737083017022,3.3706896551724137,4.0,1.5908989660691466,601.3793103448276,630.0,67.67218363390609
79,252,169550.6507936508,169496.0,11505.623198087702,144888.0,199890.0,11487.916666666666,8975.0,10560.550802679569,0.5873015873015873,0.0,0.7443796451361949,482.23809523809524,480.0,25.98771655026408
80,145,193927.77931034483,194950.0,11773.891450807687,172550.0,223900.0,10852.696551724139,7950.0,10801.554811772432,3.6482758620689655,4.0,1.3151417038286881,528.6344827586207,521.0,39.98486064074464
81,31,49236.51612903226,36000.0,38543.39037229857,5000.0,175000.0,75917.16129032258,77565.0,44106.540800729905,42.61290322580645,43.0,5.142485905699944,213.51612903225808,204.0,45.16257371448321
82,42,17631.45238095238,16450.0,7163.626963917434,4490.0,45000.0,347868.5714285714,340000.0,44867.230739715495,8.642857142857142,8.5,2.417632671683529,279.3809523809524,258.0,77.13527944887612
83,139,30803.69784172662,29900.0,6156.219622339148,20000.0,58000.0,24276.892086330936,20000.0,20171.511480694913,2.079136690647482,2.0,1.60643970464457,155.38129496402877,160.0,25.00011469059293
84,341,75810.05571847508,75193.0,9846.475115781777,54390.0,100788.0,10667.222873900293,7200.0,12545.930677392807,3.9853372434017595,4.0,0.19498632091545168,192.21407624633432,197.0,22.536987404631585
85,167,30318.263473053892,29990.0,7114.556035394347,16990.0,59999.0,65121.239520958086,64217.0,20520.034472718635,2.8982035928143715,3.0,1.0956360893234476,176.04191616766468,184.0,33.28543103518037
86,125,74060.04,75000.0,10062.158843265035,47800.0,105000.0,64134.112,62830.0,18515.20774330327,3.184,3.0,1.4333808444238718,403.584,435.0,57.63947795872928
87,73,5361.041095890411,4490.0,3093.505645516624,2000.0,13990.0,208555.6301369863,195000.0,38263.87864027133,14.013698630136986,14.0,1.6624375567632568,137.86301369863014,125.0,45.692606704565925
88,177,16953.58757062147,17500.0,4380.076712235977,6700.0,26900.0,113208.56497175142,110451.0,22801.648410743805,4.734463276836158,5.0,1.169012243333748,130.4915254237288,120.0,22.977290825564886
89,381,49615.17585301837,49940.0,10344.204633413907,24700.0,75000.0,54432.96062992126,55517.0,15322.493756291882,2.538057742782152,2.0,1.067089206957116,318.34383202099735,326.0,35.147582008816
90,300,25888.733333333334,24972.5,5435.298187789657,12990.0,41940.0,102324.73333333334,99997.0,14396.462549367461,4.573333333333333,4.0,1.0840692980766176,163.33333333333334,150.5,26.650008732463064
91,235,34185.46382978724,31900.0,9755.438732580877,11990.0,68900.0,25607.64255319149,25806.0,16251.005486311611,2.9191489361702128,3.0,1.4784258054899497,162.22553191489362,163.0,36.40389800254857
92,227,43003.484581497796,42790.0,10787.709163405834,17000.0,89900.0,143457.73127753305,139000.0,24130.95189330553,5.872246696035242,6.0,1.2252779243784346,370.352422907489,354.0,42.42326785630697
93,330,21495.01818181818,20945.0,4865.444100751827,6500.0,36900.0,100481.85757575757,100000.0,18536.327021165238,5.863636363636363,6.0,0.8303945602695973,175.05757575757576,190.0,28.331295919030758
94,169,18248.3550295858,17900.0,6892.438228257587,4190.0,36995.0,252299.02366863904,248421.0,23668.722837059282,9.680473372781066,10.0,1.5093864295242647,253.0828402366864,258.0,54.05645418915383
95,310,24220.1935483871,23500.0,5931.132009479649,9900.0,39990.0,182342.9,180000.0,15938.837931342989,8.964516129032258,9.0,1.2471451897571841,271.99032258064517,258.0,28.02985988554078
96,64,200806.21875,199845.0,23792.328968827587,147911.0,250000.0,11833.265625,8414.0,10673.348227648194,3.484375,3.0,2.4429502558138494,485.65625,500.0,62.942205475807164
97,179,39225.48044692737,38250.0,6543.0424505307155,27294.0,59910.0,29795.178770949722,28954.0,15832.19687643359,1.2681564245810055,1.0,0.9275087195450445,272.5810055865922,280.0,21.36462152521545
98,189,171609.73015873015,169950.0,11646.58700879336,145990.0,195000.0,15688.682539682539,13000.0,12542.396683604598,1.0846560846560847,1.0,1.0784284829302435,488.24867724867727,480.0,36.89514413137675
99,54,146783.22222222222,146370.0,19882.157066326155,104999.0,187991.0,18628.444444444445,14231.0,13744.82924753979,4.611111111111111,4.5,2.243789472069194,452.7962962962963,450.0,49.10918894518568
100,65,86720.69230769231,86000.0,14386.702787343114,55000.0,117950.0,92653.56923076924,87000.0,25363.09360441937,4.2615384615384615,4.0,1.0043176022324045,622.1692307692308,600.0,52.71016541865086
101,123,70432.72357723577,69950.0,10335.157344365889,43490.0,95000.0,33595.41463414634,33387.0,17250.831252923243,2.186991869918699,2.0,1.066245085287887,549.2682926829268,544.0,48.74760577066992
102,105,37723.695238095235,35000.0,12576.823352381014,17400.0,72500.0,160702.7142857143,157000.0,25148.12587783795,5.647619047619048,6.0,1.901320150584408,324.8952380952381,330.0,41.97089738266537
103,121,29640.289256198346,26900.0,9865.671633191881,10500.0,63600.0,71490.7520661157,74000.0,26562.21106863439,4.958677685950414,4.0,1.8725948761672755,200.82644628099175,197.0,49.09356334014171
104,198,29603.424242424244,28375.0,8565.208870586268,10500.0,69000.0,98245.22727272728,96716.0,14676.644993244523,3.242424242424242,3.0,1.067193378647762,180.56060606060606,190.0,29.120332590635048
105,213,117387.9530516432,115500.0,9840.818633862627,102358.0,145194.0,9469.793427230046,9900.0,5111.7794694136455,4.004694835680751,4.0,0.06851887098275307,376.2206572769953,367.0,32.67627299046024
106,104,5314.509615384615,4700.0,3007.39100552303,2000.0,17990.0,191019.75,199000.0,37319.335870569674,17.634615384615383,17.0,2.6477970044639743,145.66346153846155,143.0,33.18749635201504
107,288,46977.711805555555,48700.0,10641.40765312557,22500.0,94900.0,80140.63888888889,82119.0,19855.98614101577,4.336805555555555,4.0,1.3017408086064317,259.69444444444446,245.0,21.63774537185865
108,125,43464.136,41499.0,17680.626581886998,18899.0,99840.0,13368.184,9900.0,12002.496530214308,3.808,4.0,0.7693315070513722,138.912,136.0,29.45500012320598
109,118,30015.77966101695,29875.0,6504.334193556104,13000.0,55000.0,192946.21186440677,194000.0,22072.817558522605,7.694915254237288,8.0,1.7122408697889373,268.72033898305085,250.0,41.414289121918436
110,264,149556.36363636365,149890.0,11421.840426751976,124900.0,183992.0,15543.23106060606,10825.0,12569.62928161394,3.837121212121212,4.0,0.9749645837795243,459.84090909090907,450.0,39.07666823938966
111,67,6481.6567164179105,4995.0,5343.0351820036185,2250.0,39996.0,303878.9104477612,293139.0,38147.79951782886,19.567164179104477,20.0,2.547868274727735,250.40298507462686,231.0,70.16820908867416
112,73,27577.972602739726,26900.0,15042.876329911669,3500.0,66000.0,157052.57534246575,159014.0,27550.515589003768,20.89041095890411,21.0,1.911672070870133,307.2054794520548,320.0,54.48393211257322
113,217,51133.49769585254,51490.0,9325.782587618183,31990.0,79560.0,66409.19354838709,68776.0,21709.32410064417,7.225806451612903,7.0,1.4173780630010835,443.6589861751152,441.0,35.940457767298355
114,185,19418.302702702702,18500.0,5124.781341596676,7300.0,34990.0,134604.0108108108,130000.0,21851.79956572803,7.978378378378379,8.0,1.2201067164514605,173.17837837837837,190.0,25.40403014003983
115,308,31104.96103896104,29615.0,5607.242272924533,12000.0,47980.0,3360.5097402597403,10.0,7731.31999234342,4.01948051948052,4.0,0.3322174873522781,141.7012987012987,136.0,19.16298340972254
116,259,31151.181467181468,29900.0,6160.142328993191,12600.0,46800.0,21356.015444015444,20300.0,11737.718546386224,0.4980694980694981,0.0,0.7064186198488308,141.37065637065638,131.0,20.50982152591466
117,786,57121.50127226463,57850.0,7779.589857420497,34980.0,89845.0,9182.027989821883,9900.0,5008.323203305648,4.0,4.0,0.13354547878703568,211.48600508905852,204.0,22.427131716159938
118,70,27111.785714285714,24990.0,14007.186629450496,6000.0,89900.0,246093.14285714287,238651.5,41408.5661607178,9.228571428571428,9.0,2.479898481859945,391.48571428571427,400.0,66.42348608064462
119,106,65636.50943396226,63497.5,13431.92018130889,29950.0,107000.0,81930.77358490566,86948.5,34020.12395271028,17.5188679245283,18.0,2.139119231635263,358.91509433962267,355.0,42.99991537633496
120,232,21084.439655172413,19925.0,4773.113205864323,11980.0,34500.0,134404.12068965516,132890.0,14280.519379010299,6.008620689655173,6.0,0.761585150906258,185.56034482758622,190.0,24.95685932937488
121,201,16152.890547263682,15985.0,4864.320588526232,4880.0,29999.0,77159.12935323383,77100.0,25231.96060680153,8.248756218905474,8.0,1.4379885066556102,148.4228855721393,136.0,37.70948519446852
122,137,21821.992700729927,21500.0,7658.963705143868,6999.0,62000.0,201327.06569343066,199226.0,34681.42960984188,8.503649635036496,9.0,1.6184782594591058,274.5036496350365,258.0,58.95563188279699
123,58,121130.89655172414,119700.0,23775.22166494312,80900.0,174990.0,5674.431034482759,4420.0,5990.310383874972,3.793103448275862,4.0,0.9689679930559358,335.05172413793105,340.0,31.048023025907824
124,29,114062.93103448275,115000.0,16811.992634789513,84990.0,147620.0,43484.65517241379,43000.0,31491.86717718431,5.9655172413793105,6.0,3.110842313823996,447.9310344827586,450.0,61.578017317454844
125,277,70622.57039711191,69900.0,10615.065594334264,45990.0,95000.0,41690.64259927798,44000.0,20058.6261764252,2.88086642599278,3.0,1.1310322847712124,503.40794223826714,510.0,30.90054772549804
126,194,19149.201030927834,18900.0,4292.827542136702,9990.0,31900.0,31047.128865979383,25477.0,27047.265401484372,2.082474226804124,2.0,1.5449741557124335,109.74226804123711,129.0,23.43009815371136
127,129,44461.682170542634,43590.0,9565.529471088248,23900.0,69999.0,67885.28682170542,68000.0,18454.4961184911,4.751937984496124,4.0,1.7276745920815153,283.3333333333333,265.0,45.33647354320067
128,254,23519.779527559054,22500.0,6124.748117964692,9950.0,49880.0,147420.98818897636,145341.0,19868.902931352604,4.2795275590551185,4.0,1.0314300738592082,169.14173228346456,163.0,33.13267720791089
129,123,5830.869918699187,4999.0,2849.337095638124,2000.0,14990.0,113686.8861788618,120000.0,29354.102410586514,15.1869918699187,15.0,1.5803589211332632,110.23577235772358,99.0,33.26522363207583
130,24,9776.333333333334,6250.0,10667.295687069069,2000.0,36112.0,221034.04166666666,221482.5,51597.762174661904,17.958333333333332,18.5,4.196055773934734,203.375,203.5,111.35911844509891
131,16,2956.375,2599.5,923.5322679798471,2000.0,4995.0,486626.5625,456000.0,84785.3894787451,20.5625,21.0,3.010398644698074,183.875,179.0,27.82295215584907
132,468,26836.94871794872,25870.0,5649.71206004255,10500.0,43450.0,51649.970085470086,51000.0,12212.061538428936,3.467948717948718,4.0,1.103352134689869,163.21153846153845,163.0,25.731526821674116
133,80,6512.975,6250.0,2671.2856714712475,2000.0,12990.0,261344.45,253500.0,31742.475759050747,10.3625,10.0,2.2905626416210216,139.15,141.5,30.364077710180396
134,216,74153.01388888889,71865.0,11826.058885666349,38900.0,109980.0,8420.171296296296,6333.5,8448.999689425753,4.0,4.0,0.43133109281375365,336.05555555555554,333.0,31.37702709718313
135,29,18028.206896551725,18000.0,9817.271094422284,3500.0,41790.0,183071.72413793104,185000.0,45155.19945690209,9.310344827586206,9.0,3.3605213060291494,215.0,190.0,83.37522756447848
136,154,112806.46753246753,110946.0,12229.015994685973,86885.0,143800.0,69223.1038961039,64325.5,23861.656138845046,6.538961038961039,7.0,1.7680280248093723,433.461038961039,450.0,39.8098639724094
137,144,21124.659722222223,20947.5,5522.605777684029,9800.0,39100.0,26515.340277777777,24250.0,20077.574983176622,2.375,3.0,1.6253025538675536,115.9375,129.0,21.65825437373664
138,279,87502.1541218638,86350.0,8745.058672255835,68950.0,120995.0,2025.68458781362,15.0,4916.378660921813,3.971326164874552,4.0,0.36859937757336086,343.921146953405,366.0,33.631213300032506
139,87,117709.05747126437,119950.0,14421.587687452835,84800.0,149950.0,71215.88505747127,73502.0,30826.651012359383,7.896551724137931,7.0,2.1729547066557156,453.32183908045977,450.0,54.17080957980915
140,185,53630.394594594596,52890.0,14322.576906036096,21780.0,95790.0,100224.27027027027,99643.0,23760.07856524377,5.118918918918919,5.0,1.3975595650831303,406.53513513513514,400.0,21.53940040211719
141,138,8902.507246376812,7999.5,4166.970390724344,2450.0,27950.0,172794.19565217392,168115.5,25080.81874525319,10.101449275362318,10.0,1.8135332899504748,128.731884057971,120.0,45.2497594226895
142,76,8136.184210526316,6750.0,5155.752566368369,2000.0,25300.0,273200.0657894737,271000.0,36439.81867951066,16.473684210526315,16.0,2.729950838192397,205.02631578947367,211.5,34.2617274070103
143,123,84247.16260162601,81890.0,18086.30516344196,38500.0,124900.0,86828.78048780488,89000.0,32566.3313995984,4.260162601626016,4.0,1.3418692514914012,584.6829268292682,600.0,49.2127061217169
144,123,90211.90243902439,89990.0,9605.924342082526,67900.0,110000.0,85342.84552845529,83195.0,27855.13624916506,10.560975609756097,11.0,1.5896506548038387,388.0,400.0,28.329443641716303
145,274,26630.025547445257,25994.5,6163.110358013981,13990.0,55490.0,70835.58029197081,71000.0,17823.194886609333,3.240875912408759,3.0,1.0929380200548424,197.9890510948905,204.0,36.41634334790554
146,40,54291.475,54400.0,24925.984366013385,2000.0,108000.0,97368.675,93050.0,40459.96108049607,18.375,18.0,4.544297638320033,318.775,339.5,98.60579051494352
147,266,19426.9022556391,18670.0,4551.412848634132,9790.0,39500.0,64958.83458646617,65000.0,17030.234672456812,3.1353383458646618,3.0,0.9811964578328178,133.61654135338347,136.0,20.95357736990028
148,459,27465.32897603486,26990.0,6090.615745204305,13000.0,47500.0,89791.0697167756,89600.0,15922.062890238778,4.065359477124183,4.0,1.0301558110054014,162.67755991285404,163.0,29.084513161188866
149,130,27831.092307692306,27970.0,6112.194769977632,9800.0,44945.0,88355.02307692308,85951.0,24975.19074970118,3.6384615384615384,4.0,0.9961464211187491,184.83846153846153,184.0,35.2050040149452
150,251,9855.95219123506,8800.0,3844.8094129235055,2800.0,23900.0,169388.29880478088,165560.0,20658.199558585897,8.709163346613545,9.0,1.5016909459709598,130.38645418326692,120.0,27.508217968034433
151,327,64501.70948012232,60855.0,10024.466860263305,36950.0,93350.0,2540.1651376146788,15.0,6785.863854272311,3.9357798165137616,4.0,0.42052908592238275,277.2110091743119,272.0,21.41157020278979
152,135,82519.21481481481,82999.0,8845.43696632066,59670.0,107900.0,40388.94074074074,43000.0,19473.98218165426,2.5925925925925926,2.0,1.2830484704626948,469.4222222222222,462.0,27.322689348485262
153,48,166890.97916666666,166325.0,19227.36497418772,127980.0,214890.0,13439.6875,10250.0,11436.67023806792,1.6666666666666667,0.0,2.086770214728496,820.125,802.0,78.41722156706314
154,97,6122.81443298969,5500.0,3060.9433435962487,2000.0,15900.0,142037.29896907217,147000.0,35335.99698081881,16.422680412371133,16.0,2.5447456141134857,144.8556701030928,143.0,35.434796249214806
155,39,37166.666666666664,28000.0,29423.281092156773,4200.0,130000.0,56909.58974358974,48800.0,47963.00652900051,4.256410256410256,4.0,3.234012895182675,146.07692307692307,150.0,79.78173666994768
156,300,28548.183333333334,28950.0,5791.269511217793,8350.0,55890.0,56666.94666666666,57741.0,11928.27467937327,4.22,4.0,0.7747693582792421,182.83666666666667,190.0,30.155838088030773
157,132,108034.95454545454,108799.0,15113.748966246332,78500.0,140000.0,20842.71212121212,16129.0,18404.22438916878,4.0,4.0,1.2781188466881872,399.40909090909093,385.0,37.392482925314226
158,216,14698.546296296296,14915.0,3865.2549490431406,6490.0,26000.0,61500.59259259259,64000.0,16343.20684226511,6.486111111111111,6.5,1.0608428709753508,124.22222222222223,133.5,28.679895991940548
159,160,23162.84375,22990.0,8406.402774335955,6990.0,49000.0,192776.81875,190970.5,29490.287352350002,7.78125,8.0,1.6922757369327617,244.28125,258.0,69.14547347131503
160,303,26929.27722772277,25900.0,7442.192144541,9700.0,57500.0,79317.01320132014,82000.0,19230.897354847297,4.399339933993399,4.0,1.313051987978806,166.04620462046205,150.0,37.72290717340884
161,37,141517.64864864864,135900.0,20530.450700275833,106000.0,184500.0,17977.108108108107,14000.0,23316.379765668535,3.189189189189189,4.0,2.0660998932212276,601.3513513513514,600.0,78.5250194439879
162,124,4686.790322580645,3750.0,2780.336048222192,2000.0,21900.0,180328.5,180450.0,22968.162367960034,18.451612903225808,18.0,1.1849657036625758,142.50806451612902,129.0,40.58044223709748
163,103,56232.30097087379,58900.0,18065.407401035587,18500.0,95000.0,116220.05825242719,119000.0,27194.204456033887,15.077669902912621,15.0,1.780555764682507,391.3009708737864,385.0,61.711510184439994
164,117,101699.23076923077,98880.0,13572.29222590097,75990.0,129999.0,18259.752136752137,16900.0,13280.224392387807,0.6153846153846154,0.0,0.9724316645271618,603.7863247863248,598.0,44.628317332474985
165,195,42490.55897435897,41250.0,6135.030688330891,28900.0,70950.0,24764.953846153847,22000.0,16969.883209292697,0.46153846153846156,0.0,0.6675912172182162,208.01538461538462,209.0,11.021757733541211
166,69,112568.62318840579,114990.0,16941.211064339914,62650.0,139950.0,19399.231884057972,14975.0,16685.234199686267,2.5072463768115942,4.0,1.6857812676985835,641.9420289855072,639.0,53.99969609336349
167,98,88013.82653061225,86865.0,17972.88149225234,43900.0,133000.0,15712.510204081633,11465.5,14747.314246654729,2.806122448979592,4.0,1.5772752393694514,426.2755102040816,408.0,47.37409371050434
168,146,23100.76712328767,22773.5,6206.133323427161,9000.0,51290.0,134374.70547945207,129019.5,24450.784246407788,4.404109589041096,4.0,1.744266537380299,192.26712328767124,184.0,34.54737698429564
169,20,203695.0,201975.0,30764.080644393332,155000.0,254900.0,47370.9,43456.0,22078.969223889817,20.9,21.0,3.918914994847695,412.9,407.5,53.69298689871204
170,97,212841.70103092783,214000.0,14088.282187812549,184900.0,255000.0,20183.81443298969,15210.0,17204.78986559769,2.577319587628866,3.0,1.484889526940134,657.6701030927835,650.0,45.333652338679556
171,691,43907.72069464544,43900.0,6753.190486038135,9890.0,64002.0,9418.133140376267,9406.0,6171.043744869138,3.997105643994211,4.0,0.12035100409008014,159.17076700434154,150.0,23.161807940918845
172,126,66044.80952380953,66690.0,8542.54203732288,45354.0,89999.0,97681.02380952382,96605.0,19343.357587539667,3.8253968253968256,3.0,1.2590749942993233,462.76984126984127,462.0,22.761427968706244
173,73,23839.301369863013,25900.0,9946.087345848522,3444.0,41000.0,99910.69863013699,99398.0,28779.526421517145,17.34246575342466,17.0,2.3107188520878545,234.54794520547946,245.0,54.80471418690246
174,137,115156.49635036496,114950.0,13548.875888429275,85900.0,149900.0,24167.70802919708,22885.0,12552.820587750142,0.18248175182481752,0.0,0.4238995806131063,478.7445255474453,470.0,49.36226070906805
175,82,37117.78048780488,34975.0,11014.605389079785,18950.0,85000.0,165997.10975609755,164350.0,25042.753446809347,9.304878048780488,9.0,1.8966443687437835,453.0121951219512,441.0,65.98400365491494
176,124,7758.645161290323,6175.0,5849.309744829042,2000.0,39990.0,201220.23387096773,201000.0,23333.382464562288,19.943548387096776,20.0,2.376382505121552,216.6290322580645,198.5,62.319849992766365
177,134,152642.0671641791,152900.0,9735.98576030071,128102.0,184900.0,16971.955223880595,13731.0,14092.996985313493,3.783582089552239,4.0,0.968387080832567,436.34328358208955,450.0,42.94394045985682
178,116,29237.241379310344,26990.0,8031.707944002391,16900.0,52950.0,16213.706896551725,14050.5,13904.772949707178,0.5431034482758621,0.0,0.8064117125110242,136.2844827586207,131.0,31.101462578353825
179,122,31310.762295081968,32745.0,11071.68666035184,2300.0,51000.0,84890.37704918033,91500.0,32508.730112734473,16.639344262295083,17.0,1.9795047956183136,256.62295081967216,258.0,50.45926724324119
180,167,29701.437125748504,29500.0,6557.133595902785,16990.0,59890.0,168860.9880239521,167094.0,20303.03955165335,8.55688622754491,9.0,1.3335557614534024,283.1796407185629,258.0,49.612025527875524
181,183,56640.39344262295,58660.0,10661.391399326218,31900.0,74990.0,9797.51912568306,9159.0,6243.630856559655,3.8633879781420766,4.0,0.5004651652342273,282.8688524590164,286.0,30.12928665949428
182,206,79225.83495145632,78990.0,10300.499852040886,59390.0,110050.0,2286.4514563106795,10.0,5936.696656006341,4.0,4.0,0.0,169.14077669902912,163.0,34.29832659472871
183,393,25320.30279898219,24500.0,5086.538247099036,11999.0,43900.0,106078.20356234096,101000.0,15518.729830936541,3.3104325699745547,4.0,0.9036874946108759,165.45801526717557,160.0,29.45290071175505
184,80,59502.9625,59993.0,13940.435133360676,22000.0,98000.0,69404.975,69117.0,33567.73419689346,19.925,19.0,2.0112028015246888,365.475,355.0,46.449639259544
185,42,32717.309523809523,28950.0,16567.9588516997,8000.0,76270.0,76872.54761904762,73668.5,46227.78295871612,4.642857142857143,4.0,2.139311817446164,238.0,198.5,107.62264699560897
186,26,4163.615384615385,3949.5,1606.9195145226925,2000.0,7250.0,363545.23076923075,358500.0,42091.61997767032,14.26923076923077,15.0,3.2441663620436274,143.46153846153845,145.0,30.429236952944798
187,180,17059.205555555556,16922.5,5227.767206283908,5750.0,47500.0,125016.15555555555,125809.0,28585.901796277012,8.911111111111111,9.0,1.423226678196234,167.14444444444445,174.5,43.99036489505684
188,68,88308.5,85000.0,18237.32176879345,52000.0,149900.0,24716.132352941175,19592.5,23404.520199276474,2.911764705882353,3.0,2.0496471783579384,384.7352941176471,381.0,49.52057243148603
189,315,29485.733333333334,29490.0,6266.142456515834,13990.0,46900.0,129664.79365079365,130000.0,15341.100137597918,8.73015873015873,9.0,1.1621190452623347,274.84444444444443,258.0,29.82632198861803
190,39,139343.61538461538,144980.0,27687.78722090813,89700.0,209900.0,36996.4358974359,42000.0,20190.722497949493,15.179487179487179,15.0,2.5117806105147054,428.1794871794872,435.0,64.25683326139506
191,141,46971.53191489362,47990.0,12956.701785757268,23600.0,81990.0,115290.95035460993,116000.0,19984.376845185212,4.418439716312057,4.0,1.5125948771602231,314.02127659574467,330.0,33.49850062425106
192,50,3419.58,2990.0,1327.8697546469393,2000.0,8500.0,319693.54,318250.0,38733.94043155834,18.4,18.0,2.3819045715047236,158.66,156.0,26.3428029128664
193,171,9353.052631578947,9000.0,3213.522551862872,2480.0,20000.0,194441.74853801169,194000.0,20424.352339963752,9.35672514619883,9.0,1.5666370240701826,139.54970760233917,140.0,26.777111328342926
194,121,63028.42148760331,62900.0,11475.100032063674,36990.0,94900.0,12385.553719008265,4125.0,16130.134883167393,3.231404958677686,4.0,1.63686860895284,264.1487603305785,280.0,45.5098269895314
195,90,132803.06666666668,133890.0,14910.239509150239,93490.0,165850.0,18053.266666666666,11491.5,18409.451108882553,1.488888888888889,0.0,1.8066322536352426,706.7555555555556,727.0,40.472299060727
196,84,7746.488095238095,6900.0,4641.547530919432,2900.0,39999.0,167474.95238095237,161000.0,30179.004782070922,8.845238095238095,9.0,2.20346959495262,115.32142857142857,120.0,40.75999713701283
197,197,43066.78680203046,39900.0,13285.431465316467,23299.0,79980.0,90466.2538071066,89000.0,20357.319040253846,4.086294416243655,4.0,1.4241592487984094,298.6802030456853,292.0,38.301492803531424
198,332,25358.536144578313,24140.0,5475.219307107733,12900.0,43500.0,65232.64156626506,66855.0,13585.204363654417,3.5993975903614457,4.0,0.8474591123968805,152.3524096385542,150.0,28.725903763784192
199,166,53208.8734939759,53895.0,12651.030783334174,23900.0,89900.0,60934.301204819276,60022.5,23460.072260724657,8.987951807228916,9.0,1.6403545507629849,331.37951807228916,326.0,52.66504161444465
200,58,159297.3448275862,154720.0,19115.186057670446,129990.0,208990.0,8486.172413793103,8734.5,6517.43788357382,3.7241379310344827,4.0,1.0224343748215319,548.9137931034483,544.0,41.975884673606124
201,94,36371.40425531915,36250.0,13400.876252299477,2900.0,74900.0,150179.98936170212,147500.0,34636.93889740664,7.5212765957446805,7.0,2.0568726831041615,312.27659574468083,330.0,76.55603110117356
202,113,13355.884955752212,10990.0,9053.388451837294,2450.0,59996.0,140576.4336283186,138247.0,31626.307780942912,22.353982300884955,23.0,1.6524892153435684,175.36283185840708,170.0,54.72758215974677
203,185,34778.5027027027,32990.0,9888.585725100216,14990.0,69000.0,171039.07567567567,168173.0,26252.117987323032,7.351351351351352,7.0,1.754128921322616,386.72972972972974,385.0,22.21198345861277
204,115,74452.3652173913,74950.0,17080.719991465518,43900.0,119900.0,77157.18260869566,76000.0,27845.387717412526,4.773913043478261,5.0,1.516348739948751,563.4347826086956,549.0,46.998717868809734
205,183,22835.994535519127,22980.0,6382.055056306567,4800.0,45990.0,208697.43169398909,203000.0,23393.56050223986,9.349726775956285,9.0,1.5891415305312893,251.0928961748634,258.0,48.09156906561125
206,85,19739.941176470587,18900.0,7001.114226547464,4999.0,43499.0,241029.45882352942,240000.0,24832.740066364833,5.011764705882353,5.0,1.2955428871901615,212.51764705882354,190.0,47.181920408620265
207,90,16407.633333333335,16500.0,3582.4551321903955,7490.0,26980.0,159343.86666666667,156600.0,24859.242071843564,4.011111111111111,4.0,1.2131715741866367,143.82222222222222,150.0,24.350704383959936
208,414,27201.289855072464,26920.0,5154.614425172565,12500.0,46800.0,92540.11594202899,92475.0,10067.020776686817,4.330917874396135,4.0,0.7192682776436942,186.34057971014494,190.0,24.175757686400413
209,341,19058.445747800586,18300.0,4845.185672471644,8000.0,37000.0,159655.1759530792,155000.0,19212.727640615718,5.404692082111437,6.0,1.3828279769122547,174.2199413489736,190.0,30.460992626000486
210,149,37175.80536912752,32900.0,13481.194516946734,17900.0,87950.0,103617.40268456376,102725.0,32961.31419146757,4.134228187919463,4.0,1.1892407191645393,343.80536912751677,326.0,58.58000741101852
211,191,92924.38743455497,93500.0,12303.752001840276,67900.0,139900.0,8436.858638743455,200.0,13168.401297520644,3.492146596858639,4.0,1.2476044833268691,314.60732984293196,298.0,38.32887806027005
212,215,31137.009302325583,30490.0,8242.238827391715,13900.0,55000.0,55958.95348837209,57000.0,13270.794303875353,2.8511627906976744,3.0,0.9600360422126432,170.94418604651162,184.0,32.93687890102713
213,320,38441.903125,37600.0,9440.955502622499,23488.0,69890.0,44638.596875,45006.0,20952.690678172155,2.053125,2.0,0.963433116467332,286.515625,292.0,17.083780450096064
214,108,157296.22222222222,152709.0,16367.054191375635,137232.0,204950.0,3797.1944444444443,15.0,9588.570473652113,3.7777777777777777,4.0,0.9205172594373876,508.5462962962963,489.0,50.38309022426971
215,46,9342.58695652174,6950.0,5285.790148338329,2999.0,22849.0,314575.32608695654,298118.0,48932.362651614116,10.891304347826088,10.0,2.193204260331498,189.1304347826087,184.5,45.45845903222568
216,309,65931.07766990291,65853.0,7911.074585121189,33900.0,80450.0,6892.569579288026,1500.0,9401.611143315307,3.8737864077669903,4.0,0.7772697594179002,301.02588996763757,299.0,20.775687658009744
217,75,51280.386666666665,51900.0,12076.784039091153,24490.0,92900.0,159108.01333333334,156000.0,30048.352155427365,5.2,5.0,1.6765472885698185,430.8,441.0,46.14753075295139
218,171,49246.713450292395,48950.0,11984.97567077927,24549.0,82945.0,107305.57894736843,105285.0,20371.093152348796,4.3274853801169595,4.0,1.2641221523102397,387.39766081871346,392.0,38.26186544638436
219,78,99870.33333333333,96740.0,11370.491174517638,82990.0,139950.0,12113.74358974359,7191.0,15559.554159669413,0.11538461538461539,0.0,0.5340550394994744,208.80769230769232,193.0,37.978482524518206
220,119,50530.19327731092,51900.0,16526.008344977305,10900.0,95950.0,78797.65546218488,78500.0,29434.822497021032,18.210084033613445,18.0,1.7892046788193396,366.60504201680675,355.0,54.219456525199995
221,33,64212.69696969697,66890.0,17797.90643672179,22500.0,105699.0,78241.39393939394,74000.0,37665.444627618715,4.424242424242424,4.0,2.487849259781215,468.06060606060606,464.0,81.98282571442151
222,231,22133.74891774892,19990.0,6194.663474537626,10900.0,58298.0,11888.61038961039,8100.0,12203.358059751432,0.4199134199134199,0.0,0.6797326784923815,106.85714285714286,102.0,22.08366361720273
223,230,67069.54347826086,67995.0,11132.946689317447,37900.0,104480.0,26245.652173913044,28341.0,18897.310862060596,4.021739130434782,4.0,1.168904433036035,358.7086956521739,364.0,41.556899626755005
224,104,143196.88461538462,144395.0,18273.386536724323,109900.0,189900.0,9274.25,9666.0,5858.96679607213,3.5096153846153846,4.0,1.3071512960743974,625.0288461538462,598.0,42.37957392464383
225,103,46662.01941747573,41990.0,13487.718915689149,26900.0,74900.0,16988.90291262136,13671.0,15582.82378668745,1.6116504854368932,1.0,1.5161419672567649,298.0485436893204,292.0,28.54077875216328
226,174,73542.79885057472,70800.0,11925.143681581245,46656.0,118000.0,19067.408045977012,14283.0,17779.527086246435,3.67816091954023,4.0,0.8800190864136578,210.0977011494253,204.0,31.61576937696528
227,116,91360.60344827586,89994.5,13727.333978395904,42950.0,124999.0,19620.655172413793,16212.5,12925.23149509513,0.2413793103448276,0.0,0.468497870723618,420.7844827586207,435.0,39.2545330607446
228,17,54358.94117647059,56507.0,25039.95633849675,19910.0,109900.0,33853.23529411765,14412.0,42889.86511189067,3.3529411764705883,4.0,1.2217393579743305,209.88235294117646,197.0,71.2354216251834
229,101,7541.514851485149,7000.0,3003.7465292992397,2222.0,22000.0,246298.0495049505,242000.0,26597.87580141551,9.089108910891088,9.0,1.581764899730615,138.5049504950495,120.0,33.126612794662925
230,322,36393.09627329193,33795.0,8817.399661539992,19990.0,67990.0,60719.47826086957,62101.5,15140.318390742194,4.077639751552795,4.0,1.1853979262882726,260.7608695652174,252.0,23.479863909536352
231,304,48760.36513157895,47505.0,9183.016063078278,13000.0,82895.0,6241.3651315789475,3001.0,7807.886578327988,3.9967105263157894,4.0,0.6422852931343047,145.0690789473684,136.0,18.101615388603175
232,88,21611.397727272728,20922.5,6192.49017844273,8000.0,57950.0,21458.113636363636,16597.0,16413.458611643488,1.8863636363636365,2.0,1.7644758798624904,101.2159090909091,83.0,22.906832220594037
233,229,98655.52838427947,96850.0,9193.0381723349,76590.0,119990.0,24109.620087336243,21700.0,15675.198202662472,0.537117903930131,0.0,0.7578087576893494,441.8471615720524,441.0,46.902738607013276
234,1096,63876.45802919708,62990.0,5715.92611911229,50600.0,79900.0,8794.024635036496,9500.0,5852.563679779708,4.0,4.0,0.0,196.52372262773721,197.0,11.544687177216979
235,134,211167.41044776118,208925.0,16046.739467475405,188605.0,254900.0,9411.91791044776,7950.0,10155.612990053183,1.1865671641791045,1.0,1.3442604834386658,507.589552238806,510.0,33.84467232683434
236,77,40404.77922077922,42490.0,13751.101043594344,15990.0,84900.0,109814.1038961039,110000.0,32357.47886444103,8.779220779220779,9.0,1.7890263201807246,340.23376623376623,326.0,57.31122240242677
237,87,70842.7356321839,69000.0,18021.08832855486,34990.0,175000.0,17713.298850574713,7300.0,26057.82614445737,3.9310344827586206,4.0,1.3450434716608897,238.26436781609195,204.0,50.48887968055958
238,174,20867.85632183908,20280.0,4649.765454590744,9390.0,38900.0,89285.35057471265,92887.5,18159.856318919097,8.39655172413793,8.0,1.1470946739265973,186.20114942528735,190.0,28.283858401392628
239,27,10385.925925925925,10000.0,5664.062322600449,2000.0,23500.0,229287.33333333334,220000.0,53126.60308531514,18.333333333333332,18.0,2.465141593686471,315.4074074074074,258.0,102.4504605460457
240,156,48339.27564102564,47965.0,12061.363621390527,21990.0,84990.0,97857.59615384616,96601.0,24191.80230274733,4.314102564102564,4.0,1.30411006451928,296.79487179487177,286.0,43.687263656469824
241,70,3919.8714285714286,3000.0,1927.6234066130673,2000.0,9900.0,264878.84285714285,257500.0,35905.94510930382,14.928571428571429,15.0,2.221903013650775,141.9857142857143,134.5,44.51688911131447
242,29,195045.1379310345,185000.0,32799.13965305029,144900.0,255000.0,16836.827586206895,16490.0,14219.35690496024,2.2758620689655173,2.0,2.266157095237567,533.8620689655172,581.0,87.74017003872085
243,216,50615.12037037037,49925.0,11536.405034109412,26290.0,85995.0,76245.02314814815,75000.0,21004.739739410998,5.097222222222222,5.0,1.4863070097162914,346.8611111111111,340.0,39.77365221918542
244,210,34125.75714285715,32793.0,8521.212792641938,20750.0,64800.0,108170.15238095238,108000.0,18629.458198277214,3.5047619047619047,4.0,0.96962291811121,323.57142857142856,299.0,43.753956954149764
245,231,10321.597402597403,9690.0,4033.0056768351483,3800.0,24900.0,84592.88744588745,87283.0,20121.492317276894,9.619047619047619,10.0,1.0309897955809906,117.6926406926407,120.0,35.055308937956234
246,69,4367.347826086957,3700.0,2232.5016884657794,2000.0,15000.0,266136.40579710144,266000.0,32709.540632089575,19.202898550724637,19.0,2.152834725937815,144.94202898550725,136.0,37.152659653813316
247,71,6993.760563380281,4750.0,6092.880190294217,2000.0,33996.0,262660.2957746479,253000.0,48864.756412073395,21.197183098591548,21.0,1.8253744688995353,180.05633802816902,170.0,52.953588121767716
248,66,30818.575757575756,29770.0,7905.8894854223045,19790.0,52500.0,23322.28787878788,23934.0,12963.91909851237,1.1818181818181819,1.0,1.2759200711533727,118.6969696969697,125.0,40.20523107831375
249,93,171299.5483870968,169500.0,23885.5374440158,130000.0,249900.0,32344.333333333332,31000.0,16467.219638957915,8.548387096774194,8.0,2.0930325878363054,522.1290322580645,500.0,43.4724364962773
250,111,218744.83783783784,215000.0,18883.133426199325,179995.0,254992.0,17494.53153153153,12998.0,18176.909152108256,2.3423423423423424,2.0,1.9931496112046811,528.3063063063063,510.0,60.35738906227154
251,86,88322.46511627907,87387.5,27089.02930478019,33500.0,144992.0,37403.313953488374,30575.0,25724.764584876815,5.906976744186046,6.0,2.610512264251166,373.74418604651163,375.0,54.95949011804575
252,113,61267.5221238938,61900.0,12745.949059615365,29990.0,93775.0,58547.070796460175,57537.0,25309.90003744893,2.2035398230088497,2.0,0.8778961461865831,530.8053097345132,544.0,39.445228393096734
253,149,130079.06711409397,132900.0,15144.254503108588,94800.0,159999.0,16790.342281879195,14931.0,10293.211526897565,0.5369127516778524,0.0,0.7120914184865887,407.6308724832215,385.0,46.565320147614635
254,313,81645.05111821086,79900.0,10101.014757854986,44500.0,107980.0,9443.396166134185,8810.0,6096.514235472481,3.97444089456869,4.0,0.22500375464495115,386.6325878594249,387.0,26.287655994869457
255,103,36860.51456310679,33980.0,12684.033174269225,18900.0,95850.0,151118.0,154000.0,26465.41669691176,8.330097087378642,8.0,1.827826039232759,348.5728155339806,340.0,53.60871343093902
256,119,22587.831932773108,21900.0,7671.123656802484,5990.0,47131.0,46086.899159663866,55000.0,25145.736840009933,4.630252100840337,4.0,1.7653229704911946,121.76470588235294,116.0,25.670898210914523
257,115,113452.12173913044,109999.0,16928.44634851419,83800.0,144992.0,21391.069565217393,20029.0,17746.772933099073,3.2956521739130435,4.0,1.3826868900262617,422.17391304347825,400.0,51.62300263661968
258,203,32997.556650246304,32995.0,8798.122236118106,8990.0,55900.0,27331.384236453203,28938.0,12824.750726550832,1.206896551724138,1.0,0.904636967905315,174.72906403940885,184.0,33.1868471591859
259,233,35215.93991416309,33900.0,7954.766820516357,12500.0,62105.0,10272.510729613734,5700.0,11792.316091169936,3.9313304721030042,4.0,0.7395865793947974,143.48068669527896,136.0,21.251994134641354
260,156,92597.58974358975,91990.0,9060.727001289362,77750.0,142950.0,10272.98717948718,9900.0,7465.692238056895,3.8974358974358974,4.0,0.8437970034084766,209.28205128205127,197.0,22.32134660979871
261,239,31828.37238493724,29900.0,10155.779120974623,9400.0,64999.0,86234.02928870294,88000.0,23870.252607225422,9.200836820083682,9.0,1.3816927759244986,297.69037656903765,306.0,38.987990386725684
262,239,20468.13389121339,19500.0,4242.579244500139,12200.0,37990.0,175587.01673640168,175500.0,15174.647106764787,3.8661087866108788,4.0,1.1259272204555706,174.13389121338912,190.0,25.870533794810875
263,124,109029.08064516129,107900.0,14795.042797354708,77990.0,158000.0,19301.104838709678,18340.0,12893.603070646737,1.0403225806451613,0.0,1.5428787028939415,469.63709677419354,470.0,29.83050620498826
264,285,88880.22807017544,90500.0,9789.338327381567,64990.0,103500.0,11843.319298245615,9900.0,8176.226032874053,3.982456140350877,4.0,0.44765539713449465,362.97543859649124,367.0,13.967622025091785
265,56,60263.232142857145,57450.0,17206.25517018429,34995.0,94950.0,80977.71428571429,82367.0,31431.538960797887,13.25,13.0,1.8708286933869707,398.75,400.0,73.62565017462572
266,281,29497.4768683274,27995.0,7347.341819640734,16450.0,61850.0,18989.131672597865,18913.0,12627.677289550478,0.8754448398576512,1.0,0.9036445441239953,141.7081850533808,136.0,29.90186754645322
267,223,23078.587443946188,23000.0,5494.860636505387,9890.0,38000.0,78660.82511210762,76842.0,21087.24515860681,4.430493273542601,4.0,1.418463585988153,152.19730941704037,140.0,33.257209364439106
268,333,22329.375375375377,21890.0,4600.262682415334,9500.0,35990.0,91619.55555555556,88000.0,15060.213438324774,4.3003003003003,4.0,1.1166456465278267,161.45945945945945,150.0,24.721990521994506
269,105,40006.857142857145,42000.0,11135.63354422723,8000.0,69996.0,128835.55238095239,125600.0,32684.609552739315,21.152380952380952,21.0,2.0837325624804617,320.752380952381,320.0,36.09223785940176
270,164,96856.30487804877,93450.0,12268.861026020479,59990.0,140000.0,20542.676829268294,16850.0,14894.080998319112,0.04878048780487805,0.0,0.24280765820035863,331.9268292682927,352.0,44.86579318895118
271,183,23006.131147540982,22800.0,6140.457721266538,7999.0,44950.0,160851.131147541,156513.0,20397.273445357445,4.781420765027322,5.0,1.2606836419423193,177.69398907103826,184.0,39.92292460135097
272,58,174336.2931034483,168975.0,23605.650982679803,139990.0,233240.0,12672.51724137931,7975.0,24127.020476971225,2.3275862068965516,4.0,2.1633950822518933,342.2758620689655,367.0,55.274051874702536
273,201,148535.9303482587,149880.0,15165.893941180137,115900.0,180880.0,8236.875621890547,4900.0,10547.137960103339,3.990049751243781,4.0,0.6402347206395776,618.273631840796,630.0,27.559204474073262
274,88,65991.45454545454,69425.0,17391.345640671752,24977.0,97900.0,122542.26136363637,120500.0,24610.607732315195,14.170454545454545,14.0,1.919180805298807,414.57954545454544,400.0,61.401022416682935
275,50,42358.06,43873.5,15595.92896829431,11500.0,89950.0,120459.74,122705.0,33394.09059345192,20.32,20.0,2.0843439725530826,355.66,340.0,64.65879361569264
276,39,44478.61538461538,34999.0,28263.69880961814,4500.0,130000.0,111270.92307692308,114730.0,39365.28648734529,16.025641025641026,15.0,2.9063196068601904,394.43589743589746,385.0,90.22772210001548
277,99,100396.54545454546,98950.0,11394.629546209992,79900.0,145000.0,25614.121212121212,21893.0,14695.162076498018,0.26262626262626265,0.0,0.6158759911265366,336.6161616161616,333.0,35.84538995512308
278,301,38701.57142857143,40740.0,8994.020944255926,16500.0,56690.0,8944.790697674418,6141.0,9025.825134544755,4.0,4.0,0.2708012801545319,170.3953488372093,163.0,37.830849558192234
279,99,110269.64646464646,109990.0,15331.79234853627,74940.0,148000.0,25865.131313131315,20000.0,22583.043250230137,2.2222222222222223,2.0,1.7175894092258503,504.85858585858585,510.0,43.03036661522909
280,170,20557.211764705884,19125.0,8378.086310553248,5900.0,44995.0,114346.67647058824,118840.0,24498.725417540776,9.564705882352941,9.0,1.564752726923617,196.75294117647059,190.0,41.86309212686701
281,116,19589.939655172413,20000.0,7652.706708756053,4500.0,35000.0,251641.37931034484,250000.0,25876.379117930555,8.051724137931034,8.0,1.937478538837469,238.77586206896552,250.0,62.57254380621592
282,198,64546.30303030303,62955.0,12736.730758531436,38490.0,104900.0,95644.57575757576,92600.0,19665.485399599118,3.4797979797979797,4.0,1.1115891398504492,479.0858585858586,460.0,37.997564736556924
283,149,118348.14093959732,119899.0,14040.093246312039,84950.0,153990.0,51580.43624161074,53200.0,18563.999965176037,8.161073825503356,8.0,1.2084562080088517,439.6510067114094,430.0,45.532721553711134
284,404,45153.44059405941,43900.0,10539.586504521345,23999.0,99960.0,99777.47772277228,98005.5,15165.294448973555,3.2004950495049505,4.0,1.0046540594312845,303.66831683168317,286.0,30.665147182925516
285,174,137497.7011494253,137905.5,11309.795704154416,113880.0,165990.0,17887.166666666668,16297.0,12161.281797594407,0.47126436781609193,0.0,0.6511720062539457,415.61494252873564,394.0,39.82920190718303
286,149,86278.74496644296,83850.0,11429.387761826705,67900.0,123200.0,2455.087248322148,15.0,5422.773727945732,3.959731543624161,4.0,0.4915391523114243,214.40939597315437,204.0,20.066111482748518
287,177,120988.82485875706,121370.0,12320.430843902275,94855.0,149000.0,9238.966101694916,9900.0,5295.455067682508,4.0,4.0,0.0,466.8361581920904,470.0,22.252968212073636
288,43,36215.51162790698,34950.0,15715.529969052744,8750.0,72950.0,145479.23255813954,145131.0,32207.845576177777,19.25581395348837,19.0,2.3206425963083293,315.5813953488372,320.0,64.08225092582914
289,142,51086.59154929577,51000.0,10791.260015660908,26800.0,77900.0,69951.67605633802,69800.0,15884.197050875873,2.732394366197183,3.0,0.9742463387042689,304.19718309859155,286.0,34.286700983751935
290,173,36540.16184971098,35900.0,9281.539148958667,9790.0,74490.0,128569.07514450866,124950.0,25950.244162720046,9.22543352601156,9.0,1.4228371846370023,432.0982658959538,441.0,27.5806775849537
291,230,14052.847826086956,13999.0,4162.897336517428,4990.0,30750.0,192930.96956521738,190968.0,16049.06683118704,8.434782608695652,8.0,1.201385188750312,176.0782608695652,190.0,27.774716857702366
292,114,32689.86842105263,28990.0,10728.85928048317,13990.0,67500.0,101645.80701754386,97435.5,27223.700772814445,3.692982456140351,4.0,0.7657166575760836,206.46491228070175,190.0,54.74028459879288
293,93,8803.10752688172,7700.0,5577.000681101623,2200.0,22500.0,155284.21505376344,155000.0,22781.579347878494,22.107526881720432,22.0,1.2550971345693929,163.3763440860215,165.0,48.86203157838686
294,170,61832.617647058825,61430.0,12977.932003127205,35990.0,103991.0,95229.76470588235,95300.0,22307.286187893173,6.035294117647059,6.0,1.7402105485313066,581.4941176470588,575.0,38.44880513202913
295,100,65434.76,63395.0,10372.508845009384,40400.0,94777.0,91409.47,90500.0,27018.47332992556,5.31,5.0,1.6978596151411562,471.69,462.0,37.62298217683957
296,106,160827.5283018868,159990.0,18363.628667355606,119790.0,192190.0,19730.95283018868,8995.0,25203.948687375338,3.4056603773584904,4.0,1.201414260950441,610.6320754716982,625.0,44.580868301419784
297,197,58345.700507614216,58990.0,10620.209597486319,32990.0,84900.0,65049.04060913705,65000.0,21304.09303680378,4.238578680203045,4.0,1.5182340742576637,361.92893401015226,354.0,38.675851050366234
298,84,179849.20238095237,179328.5,13975.384806030235,154900.0,209950.0,13531.607142857143,9454.5,12294.109034992562,0.20238095238095238,0.0,0.5762312517873631,599.9642857142857,585.0,44.828574801801985
299,24,134859.83333333334,138200.0,18415.672018258196,94990.0,171990.0,16917.25,9898.5,15708.432706947426,2.75,3.0,2.2312016649252526,502.7083333333333,478.0,104.95526134528927
300,112,65828.625,65450.0,10774.071119532244,44950.0,99900.0,79622.94642857143,84772.0,27618.703032950867,17.080357142857142,18.0,1.922547075805235,352.74107142857144,355.0,27.40018594522107
301,91,13751.263736263736,13900.0,4401.080119534205,2000.0,25490.0,176132.34065934067,170000.0,23466.254241745046,7.934065934065934,8.0,1.4742395237484895,165.3846153846154,181.0,31.55797811815553
302,117,12063.444444444445,11000.0,4085.1411477840043,4900.0,25900.0,144828.50427350428,145900.0,22648.49283773872,8.47008547008547,8.0,1.3807334980480082,136.3846153846154,120.0,27.257028879578474
303,143,28716.055944055945,27500.0,9370.3853767881,8500.0,54900.0,123872.67132867133,130000.0,27565.917047559007,9.174825174825175,9.0,2.0463457134805143,245.3846153846154,250.0,40.12865280234699
304,197,14883.203045685279,13999.0,5774.593204984392,6300.0,55500.0,77011.54314720813,76000.0,26193.79495446873,5.614213197969543,6.0,1.513005191470526,112.4010152284264,116.0,28.354472687973452
305,94,99758.78723404255,101200.0,18195.419544650696,62875.0,141500.0,19117.36170212766,14223.0,15047.550934839266,3.0531914893617023,4.0,1.4981495487648837,413.4574468085106,420.0,37.039550176562436
306,70,87244.94285714286,84985.0,14278.239934245248,54999.0,118900.0,75194.68571428572,72513.0,34272.424157607,3.7142857142857144,4.0,1.286978904175574,699.8714285714286,680.0,46.296123551552554
307,146,114385.99315068492,113988.0,13271.145280461866,91999.0,159900.0,14330.376712328767,10000.0,14945.93505716424,3.0684931506849313,4.0,1.6964772191589181,251.95890410958904,237.0,49.41713743120082
308,214,8886.990654205607,8500.0,3748.996419062971,2490.0,22990.0,150465.2710280374,142239.5,26735.15231992126,9.121495327102803,9.0,1.385439238997722,122.79439252336448,120.0,33.47782906389119
309,65,8678.538461538461,8499.0,3997.8293683765246,2500.0,22450.0,199570.3076923077,200362.0,37458.60750003057,13.892307692307693,14.0,2.1514753435366516,154.6153846153846,150.0,48.95779186825509
310,233,88795.73819742489,87980.0,8614.902182643096,74790.0,119900.0,8088.107296137339,8000.0,5792.394209858599,3.9656652360515023,4.0,0.3697932896973986,225.6952789699571,237.0,18.6860824115615
311,255,36527.15294117647,35790.0,7416.2684880969955,19700.0,63700.0,87117.69019607843,90000.0,19578.39024256739,6.466666666666667,6.0,1.3093646152000813,270.4627450980392,265.0,25.180403897997067
312,232,42254.59051724138,42990.0,10585.704012377191,17990.0,62870.0,18776.150862068964,12254.5,17719.318564692483,3.4741379310344827,4.0,1.1913193013891648,157.45689655172413,150.0,31.082878248274298
313,137,39758.69343065693,40000.0,9512.053601307542,16000.0,65000.0,138856.33576642335,135000.0,22452.98029585034,6.08029197080292,6.0,1.7989310312801614,309.22627737226276,330.0,50.72764542441183
314,115,144336.02608695652,139990.0,21604.29767652271,89900.0,195000.0,42444.2347826087,39000.0,26327.53586604198,9.165217391304347,9.0,1.877523727430178,519.2782608695652,519.0,56.83193873260694
315,80,27546.55,25945.0,7184.532538372744,14999.0,49900.0,161014.8375,155500.0,25121.39268767152,3.575,4.0,0.938285535876709,205.3625,190.0,46.17145914134081
316,136,10043.786764705883,8950.0,5658.906599542181,2950.0,44950.0,105278.03676470589,111293.0,25774.558638289785,9.816176470588236,10.0,1.7562679534122934,114.88970588235294,102.0,49.624168662743465
317,68,75045.91176470589,72450.0,15922.902585218786,46900.0,110000.0,43679.779411764706,40452.0,26014.01358960526,2.2205882352941178,2.0,1.391290480472556,524.2352941176471,520.0,48.21194428307154
318,368,56163.247282608696,54990.0,8870.185474085603,34410.0,80000.0,30695.505434782608,30375.0,15246.262855619429,3.8260869565217392,4.0,1.2964734867920533,346.6929347826087,342.0,30.706588134329113
319,69,12121.246376811594,11950.0,6272.626470264638,2000.0,29990.0,170652.13043478262,182659.0,40430.16150282487,16.231884057971016,15.0,2.8601980985292514,203.79710144927537,204.0,41.61962903350551
320,209,16158.775119617225,15800.0,4210.741025382531,6400.0,28900.0,144986.7081339713,145000.0,14819.892223797775,9.157894736842104,9.0,1.0870511312460513,176.1818181818182,190.0,25.71507068121455
321,208,41101.63461538462,39775.0,8809.274097604108,24409.0,78850.0,67594.34134615384,70381.0,22009.3120139491,2.6971153846153846,2.0,1.1376691767399691,287.625,292.0,24.26889920451757
322,194,76865.18041237113,77495.0,9487.030650479506,54450.0,115000.0,28586.9587628866,23566.0,18507.280464035135,1.2422680412371134,1.0,1.2417883687054334,310.97938144329896,299.0,38.69931366796937
323,51,12047.901960784313,7950.0,9027.296087433717,2388.0,39996.0,191244.1568627451,191658.0,34161.36559353127,21.84313725490196,22.0,1.8151864809942564,217.72549019607843,209.0,63.72662816480173
324,68,28434.529411764706,29093.5,9306.925353543751,8990.0,49980.0,90153.51470588235,91587.5,33581.025538593385,16.397058823529413,17.0,2.0525899611775738,251.60294117647058,245.0,32.713199538660085
325,195,19831.415384615386,19390.0,3374.2495288978325,7310.0,35000.0,85965.54871794872,87703.0,21286.668484439473,4.005128205128205,4.0,1.2579538118536275,143.8923076923077,150.0,27.5952650261526
326,122,235029.00819672132,234953.0,10925.79958417924,213800.0,254900.0,9247.057377049181,4854.0,11179.330126222272,3.0081967213114753,4.0,2.1874771371247985,568.5245901639345,585.0,49.82070549592444
327,364,25131.263736263736,24290.0,5761.727370188413,13900.0,45900.0,110072.39835164836,108524.0,14457.889223995677,3.9175824175824174,4.0,0.7882181189911744,161.8543956043956,150.0,27.420573149828662
328,11,5840.0,4550.0,3597.1905982307912,2150.0,12490.0,379333.45454545453,360000.0,73728.20838236019,20.818181818181817,22.0,3.1565228279922772,187.0909090909091,193.0,31.1591224056601
329,120,23651.825,22095.0,9529.293840761307,6800.0,59911.0,189861.46666666667,187950.0,29573.76844205733,14.716666666666667,14.0,2.0299577067802486,416.8666666666667,400.0,63.059120363865105
